Score,White (Good),White (Bad),Black (Good),Black (Bad),Hispanic (Good),Hispanic (Bad),Asian (Good),Asian (Bad)
0.0,0.0,1.0,0.0,1.0,0.0,1.0,0.0,1.0
0.5,0.0,1.0,0.004516430462544874,0.9954835695374551,0.02061855670103025,0.9793814432989697,0.0,1.0
1.0,0.02562949640287753,0.9743705035971225,0.021856629126381314,0.9781433708736187,0.011167985109352813,0.9888320148906472,0.06067961165048834,0.9393203883495117
1.5,0.027318475916606598,0.9726815240833934,0.018500797448166264,0.9814992025518338,0.0,1.0,0.0,1.0
2.0,0.04215196894065419,0.9578480310593458,0.020513150279725226,0.9794868497202748,0.02542372881355849,0.9745762711864415,0.10460251046025579,0.8953974895397442
2.5,0.053596614950634384,0.9464033850493656,0.020335309491936435,0.9796646905080636,0.05099150141642896,0.9490084985835711,0.0,1.0
3.0,0.051724137931034156,0.9482758620689659,0.0357583230579539,0.9642416769420461,0.028892455858747043,0.971107544141253,0.02351834430856186,0.9764816556914382
3.5,0.059097978227060304,0.9409020217729397,0.02314445331205158,0.9768555466879484,0.1065482796892309,0.8934517203107691,0.023126734505089026,0.9768732654949109
4.0,0.05590975968612031,0.9440902403138797,0.012710935787859123,0.9872890642121409,0.030612244897958198,0.9693877551020418,0.0877192982456181,0.9122807017543819
4.5,0.054441260744985266,0.9455587392550148,0.019016393442623323,0.9809836065573767,0.07999999999999736,0.9200000000000026,0.07288629737609668,0.9271137026239034
5.0,0.08569587628865935,0.9143041237113406,0.031845204286418204,0.9681547957135818,0.035317200784825524,0.9646827992151745,0.04690431519700042,0.9530956848029996
5.5,0.09264526615197015,0.9073547338480299,0.04552590266876078,0.9544740973312392,0.0641711229946504,0.9358288770053496,0.07836990595611652,0.9216300940438835
6.0,0.08682406702208632,0.9131759329779137,0.03490471414242804,0.965095285857572,0.06832298136645745,0.9316770186335426,0.1742160278745719,0.8257839721254281
6.5,0.05960784313725459,0.9403921568627454,0.03140358184090025,0.9685964181590998,0.05172413793103285,0.9482758620689672,0.2545824847250596,0.7454175152749404
7.0,0.11828793774318981,0.8817120622568102,0.043204767422613,0.956795232577387,0.07465007776049538,0.9253499222395046,0.135427952329367,0.864572047670633
7.5,0.07203791469194298,0.927962085308057,0.07925465838509507,0.920745341614905,0.07114624505928627,0.9288537549407138,0.07936507936508305,0.9206349206349169
8.0,0.12326227988878515,0.8767377201112149,0.039944903581267927,0.9600550964187321,0.10112359550561498,0.898876404494385,0.16297262059974613,0.8370273794002538
8.5,0.08042328042327967,0.9195767195767204,0.03732303732303833,0.9626769626769617,0.21841541755888058,0.7815845824411194,0.0,1.0
9.0,0.10726887791107934,0.8927311220889207,0.04143251738260861,0.9585674826173914,0.1132075471698079,0.8867924528301921,0.1931993817619869,0.8068006182380131
9.5,0.13706041478809658,0.8629395852119034,0.05238709677419476,0.9476129032258053,0.05616224648985796,0.9438377535101421,0.3906250000000115,0.6093749999999885
10.0,0.17007672634271,0.82992327365729,0.07859078590786063,0.9214092140921394,0.06441717791410796,0.935582822085892,0.08223684210526709,0.917763157894733
10.5,0.16888888888888787,0.8311111111111121,0.08144977932325977,0.9185502206767402,0.12313432835820566,0.8768656716417943,0.0755287009063478,0.9244712990936522
11.0,0.14910313901345176,0.8508968609865483,0.07218585784087905,0.927814142159121,0.12499999999999639,0.8750000000000036,0.13430544896393531,0.8656945510360647
11.5,0.12313674659753694,0.8768632534024631,0.05449079293498813,0.9455092070650118,0.08517350157728425,0.9148264984227158,0.10460251046025587,0.8953974895397441
12.0,0.12960436562073593,0.870395634379264,0.0756255895244979,0.9243744104755021,0.09125475285170828,0.9087452471482917,0.08833922261484521,0.9116607773851548
12.5,0.1834640917320454,0.8165359082679546,0.11476775671735276,0.8852322432826473,0.13953488372092615,0.8604651162790738,0.18796992481203728,0.8120300751879628
13.0,0.17757009345794264,0.8224299065420574,0.089958344411949,0.9100416555880511,0.1946697566627987,0.8053302433372013,0.2682926829268392,0.7317073170731607
13.5,0.15384615384615327,0.8461538461538467,0.11316492092832399,0.886835079071676,0.0909090909090885,0.9090909090909115,0.1256281407035236,0.8743718592964764
14.0,0.15159574468085033,0.8484042553191496,0.12343426973124418,0.8765657302687558,0.10480349344977852,0.8951965065502214,0.06925207756233015,0.9307479224376698
14.5,0.1472868217054249,0.8527131782945752,0.139240506329117,0.860759493670883,0.11290322580644797,0.887096774193552,0.23255813953489224,0.7674418604651078
15.0,0.18551668022782666,0.8144833197721734,0.07662947739283756,0.9233705226071625,0.16263310745401321,0.8373668925459867,0.15197568389058422,0.8480243161094158
15.5,0.24657534246575133,0.7534246575342487,0.12972166998012175,0.8702783300198782,0.13145539906102882,0.8685446009389712,0.13812154696133194,0.8618784530386681
16.0,0.21318373071528723,0.7868162692847127,0.1381573033707893,0.8618426966292108,0.1575492341356625,0.8424507658643375,0.29989094874592237,0.7001090512540776
16.5,0.2753623188405786,0.7246376811594214,0.1786447638603733,0.8213552361396267,0.2145593869731747,0.7854406130268253,0.33156498673741114,0.6684350132625889
17.0,0.26587728740581096,0.734122712594189,0.1553276353276375,0.8446723646723625,0.31034482758619963,0.6896551724138004,0.35211267605634944,0.6478873239436506
17.5,0.2876366694701405,0.7123633305298596,0.14146341463414958,0.8585365853658504,0.2259414225941356,0.7740585774058644,0.3308128544423562,0.6691871455576438
18.0,0.30158730158730146,0.6984126984126986,0.17426139208813565,0.8257386079118644,0.22594142259413671,0.7740585774058633,0.26737967914439453,0.7326203208556055
18.5,0.30694668820678267,0.6930533117932174,0.13217866909754108,0.8678213309024589,0.18367346938775006,0.8163265306122499,0.4838709677419487,0.5161290322580513
19.0,0.3543609434997241,0.6456390565002759,0.15000000000000194,0.8499999999999981,0.26778242677823677,0.7322175732217633,0.47642928786360417,0.5235707121363958
19.5,0.30755395683453085,0.6924460431654691,0.1780506523407565,0.8219493476592434,0.2696629213483078,0.7303370786516922,0.46174142480212377,0.5382585751978762
20.0,0.18149824032176867,0.8185017596782314,0.04734202012406966,0.9526579798759304,0.08977556109725392,0.9102244389027461,0.35159141376759095,0.648408586232409
20.5,0.25054945054944905,0.749450549450551,0.1301615798922826,0.8698384201077174,0.2307692307692248,0.7692307692307752,0.3246753246753362,0.6753246753246638
21.0,0.2865761689291088,0.7134238310708911,0.13300311869382014,0.8669968813061799,0.32432432432431785,0.6756756756756821,0.24449877750612184,0.7555012224938782
21.5,0.36538461538461575,0.6346153846153842,0.1526851526851544,0.8473148473148456,0.26573426573426007,0.7342657342657399,0.3164556962025432,0.6835443037974568
22.0,0.3931034482758599,0.60689655172414,0.22433460076046197,0.775665399239538,0.29347826086955714,0.7065217391304428,0.6804733727810748,0.3195266272189252
22.5,0.4228934817170084,0.5771065182829915,0.21724830988489066,0.7827516901151094,0.35643564356434654,0.6435643564356535,0.5605381165919395,0.43946188340806047
23.0,0.3723342939481264,0.6276657060518736,0.25438596491228604,0.745614035087714,0.27999999999999386,0.7200000000000062,0.6013745704467482,0.39862542955325175
23.5,0.35536159600997397,0.644638403990026,0.1810883140053552,0.8189116859946448,0.29864253393664514,0.7013574660633548,0.43103448275863465,0.5689655172413653
24.0,0.40348881304512413,0.5965111869548758,0.23500810372771977,0.7649918962722803,0.2335766423357605,0.7664233576642395,0.5790866975513025,0.4209133024486975
24.5,0.43734015345268556,0.5626598465473145,0.21345951629863466,0.7865404837013653,0.4999999999999924,0.5000000000000075,0.5517826825127471,0.4482173174872529
25.0,0.49949443882709466,0.5005055611729053,0.2721025505484405,0.7278974494515595,0.36285097192223725,0.6371490280777627,0.365579302587187,0.634420697412813
25.5,0.5074626865671654,0.4925373134328346,0.36042996305005515,0.6395700369499449,0.419889502762425,0.580110497237575,0.7510729613734006,0.24892703862659937
26.0,0.4831398562741851,0.5168601437258149,0.281690140845074,0.718309859154926,0.4260355029585718,0.5739644970414282,0.2783964365256235,0.7216035634743765
26.5,0.49828962371721214,0.5017103762827879,0.3251240580775613,0.6748759419224387,0.30278884462150685,0.6972111553784932,0.6109022556391104,0.3890977443608896
27.0,0.5173978819969736,0.48260211800302644,0.33902535137265866,0.6609746486273413,0.4980694980694885,0.5019305019305115,0.5790190735694943,0.42098092643050566
27.5,0.49115646258503454,0.5088435374149655,0.4436143721095781,0.5563856278904219,0.43820224719100365,0.5617977528089964,0.6013745704467482,0.39862542955325175
28.0,0.5635270541082126,0.4364729458917874,0.34832609251214347,0.6516739074878566,0.6121147715196509,0.3878852284803491,0.646123260437387,0.353876739562613
28.5,0.5577536694320364,0.4422463305679636,0.3780013720557988,0.6219986279442011,0.5303867403314856,0.4696132596685144,0.6046705587990094,0.39532944120099056
29.0,0.611356466876969,0.388643533123031,0.43052912066997273,0.5694708793300273,0.5429104477611848,0.4570895522388152,0.5358076319916506,0.4641923680083494
29.5,0.5852363250132773,0.41476367498672273,0.549804393620229,0.45019560637977096,0.5864661654135267,0.4135338345864733,0.5230125523012653,0.4769874476987347
30.0,0.6364037020713955,0.3635962979286045,0.46269563896064503,0.537304361039355,0.5217391304347707,0.4782608695652293,0.7365202890494839,0.26347971095051614
30.5,0.6011865524060646,0.39881344759393544,0.43034944949737697,0.569650550502623,0.5823927765237,0.41760722347629997,0.5920550038197215,0.40794499618027846
31.0,0.6709909909909859,0.3290090090090141,0.47222644955106075,0.5277735504489393,0.6146044624746358,0.38539553752536415,0.6994584837545236,0.3005415162454764
31.5,0.6564784053156135,0.3435215946843865,0.385137044362824,0.6148629556371761,0.5610687022900706,0.43893129770992945,0.6149732620320937,0.3850267379679063
32.0,0.7130434782608707,0.28695652173912933,0.42888442578053754,0.5711155742194625,0.6183206106870123,0.3816793893129877,0.763016157989238,0.23698384201076195
32.5,0.6826347305389203,0.3173652694610797,0.44529750479847796,0.554702495201522,0.7132867132867076,0.28671328671329244,0.6801776790671976,0.3198223209328024
33.0,0.7136150234741778,0.2863849765258222,0.5586264656616456,0.44137353433835436,0.6046511627906881,0.3953488372093119,0.551044083526694,0.448955916473306
33.5,0.7616468039003209,0.2383531960996791,0.5252018328605709,0.47479816713942913,0.694214876033056,0.305785123966944,0.631313131313141,0.36868686868685896
34.0,0.7128874388254474,0.28711256117455264,0.5639222176251704,0.43607778237482964,0.6026986506746534,0.39730134932534655,0.6888168557536589,0.3111831442463411
34.5,0.7643200699606475,0.2356799300393525,0.5092614866490219,0.49073851335097807,0.6811819595645358,0.31881804043546424,0.6888168557536585,0.3111831442463415
35.0,0.7239189597822794,0.2760810402177206,0.5631067961165164,0.4368932038834836,0.6417759838546824,0.3582240161453176,0.7544439851178246,0.24555601488217538
35.5,0.7169811320754713,0.2830188679245287,0.5160142348754326,0.48398576512456737,0.6153846153846074,0.3846153846153926,0.7290686735653956,0.2709313264346044
36.0,0.7956355057505127,0.20436449424948733,0.5547130794416764,0.44528692055832364,0.6338912133891129,0.3661087866108871,0.7884972170686531,0.21150278293134694
36.5,0.7862068965517296,0.2137931034482704,0.6195320447609433,0.38046795523905674,0.7989949748743702,0.2010050251256298,0.802139037433161,0.19786096256683905
37.0,0.8165111676562039,0.1834888323437961,0.6574307304785887,0.3425692695214113,0.6610169491525352,0.33898305084746483,0.8450436764147442,0.1549563235852558
37.5,0.792732166890981,0.20726783310901897,0.6703952274422216,0.3296047725577784,0.7252747252747164,0.27472527472528363,0.7180156657963559,0.2819843342036441
38.0,0.7898876404494352,0.21011235955056484,0.6551406177962253,0.34485938220377466,0.7293447293447204,0.2706552706552796,0.8431703204047273,0.15682967959527272
38.5,0.824891461649783,0.175108538350217,0.6072202166065077,0.3927797833934923,0.6428571428571414,0.35714285714285865,0.8186397984886766,0.18136020151132337
39.0,0.7726666666666682,0.22733333333333183,0.5688527838319796,0.43114721616802043,0.7058823529411716,0.29411764705882837,0.8998144712430466,0.10018552875695341
39.5,0.7755102040816217,0.22448979591837825,0.7618213660245139,0.2381786339754861,0.8201438848920684,0.17985611510793165,0.928677563150079,0.07132243684992101
40.0,0.8105004101722758,0.1894995898277242,0.7137305699481995,0.2862694300518005,0.6678635547576203,0.33213644524237973,0.8389261744966521,0.16107382550334792
40.5,0.8300479488545512,0.16995205114544876,0.5784366576819401,0.4215633423180599,0.8952879581151821,0.10471204188481786,0.8032128514056278,0.19678714859437219
41.0,0.8267066766691662,0.1732933233308338,0.68684210526317,0.31315789473683,0.7688243064729154,0.23117569352708456,0.837540156034888,0.16245984396511204
41.5,0.8307692307692314,0.16923076923076863,0.6807511737089147,0.3192488262910853,0.8333333333333234,0.16666666666667662,0.8979206049149348,0.10207939508506525
42.0,0.8142857142857144,0.1857142857142856,0.6515569570358822,0.34844304296411777,0.7826086956521693,0.21739130434783072,0.8628731343283652,0.1371268656716348
42.5,0.8242009132420072,0.17579908675799283,0.7876990321573414,0.21230096784265862,0.6694214876033027,0.33057851239669733,0.8180367118914643,0.18196328810853568
43.0,0.8360539389638029,0.16394606103619713,0.668439716312064,0.331560283687936,0.8189415041782645,0.1810584958217355,0.8373205741626893,0.16267942583731065
43.5,0.8609062170706022,0.13909378292939778,0.719008264462824,0.28099173553717605,0.8253275109170293,0.17467248908297073,0.9087904824851313,0.09120951751486872
44.0,0.876730388925509,0.12326961107449097,0.7865949338713324,0.2134050661286676,0.6945337620578675,0.30546623794213246,0.9428097803564046,0.057190219643595386
44.5,0.8683351468988028,0.13166485310119724,0.6892138939670901,0.3107861060329099,0.8086522462562418,0.19134775374375823,0.7987220447284442,0.2012779552715558
45.0,0.8592150170648413,0.14078498293515873,0.8047846889952124,0.19521531100478762,0.7432024169184207,0.2567975830815793,0.856443719412731,0.143556280587269
45.5,0.8697711128650354,0.1302288871349646,0.8891063274625002,0.11089367253749982,0.8086522462562309,0.1913477537437691,0.9475218658892136,0.05247813411078639
46.0,0.8580645161290322,0.14193548387096777,0.7360406091370673,0.26395939086293274,0.8360655737704855,0.16393442622951448,0.849858356940516,0.15014164305948396
46.5,0.8951205832865937,0.10487941671340628,0.7870563674321464,0.21294363256785365,0.7557840616966548,0.2442159383033452,0.9058950784207744,0.09410492157922556
47.0,0.9057311194429579,0.09426888055704208,0.7560392250657714,0.24396077493422863,0.8042704626334478,0.1957295373665522,0.902151283830678,0.097848716169322
47.5,0.9098928796471351,0.09010712035286494,0.7870563674321861,0.2129436325678139,0.8367952522255151,0.1632047477744849,0.8695652173913071,0.1304347826086929
48.0,0.9318533815178082,0.06814661848219183,0.8602055800293583,0.13979441997064168,0.7877984084880619,0.21220159151193807,0.9136858475894308,0.08631415241056917
48.5,0.9137480397281798,0.08625196027182025,0.882825962090751,0.11717403790924896,0.7340425531914774,0.2659574468085226,0.8987527512839353,0.10124724871606472
49.0,0.9150386188096309,0.08496138119036911,0.6770874554808309,0.32291254451916906,0.8076923076923008,0.19230769230769917,0.867507886435339,0.13249211356466095
49.5,0.8954113269946237,0.10458867300537633,0.8471910112359282,0.15280898876407178,0.898785425101217,0.10121457489878305,0.9085580304806592,0.0914419695193408
50.0,0.915356306457007,0.08464369354299295,0.8636884306987539,0.1363115693012461,0.8636363636363547,0.13636363636364535,0.9390190013256757,0.06098099867432427
50.5,0.9029192124915167,0.09708078750848326,0.7933130699088285,0.20668693009117145,0.9201277955271587,0.07987220447284127,0.8990053557765931,0.10099464422340687
51.0,0.9236111111111096,0.0763888888888904,0.8041051494418497,0.19589485055815026,0.862681744749591,0.13731825525040897,0.8707360861759491,0.1292639138240509
51.5,0.9229332087809471,0.07706679121905291,0.8365384615384444,0.16346153846155564,0.9430523917995455,0.056947608200454525,0.8945386064030177,0.10546139359698226
52.0,0.9200968523002389,0.07990314769976115,0.8607983623336581,0.13920163766634186,0.853168469860894,0.146831530139106,0.9127968805388208,0.0872031194611792
52.5,0.9300048947626058,0.06999510523739416,0.7587583148558847,0.24124168514411526,0.8399999999999855,0.16000000000001446,0.9180790960452,0.0819209039548
53.0,0.9261744966442957,0.07382550335570426,0.7733333333333579,0.22666666666664215,0.9075630252100821,0.09243697478991786,0.9067357512953405,0.09326424870465955
53.5,0.920096852300239,0.07990314769976103,0.8315044247787485,0.16849557522125147,0.8516949152542316,0.14830508474576842,0.8823529411764757,0.11764705882352433
54.0,0.9194524036930893,0.08054759630691066,0.8402505873140155,0.15974941268598453,0.8734177215189861,0.1265822784810139,0.9113300492610873,0.0886699507389127
54.5,0.929214929214933,0.07078507078506702,0.7642163661581292,0.23578363384187084,0.8307692307692276,0.1692307692307724,0.9762308998302244,0.023769100169775625
55.0,0.9471471471471478,0.05285285285285224,0.8150498640072505,0.18495013599274945,0.8868778280542912,0.11312217194570884,0.957170668397147,0.04282933160285296
55.5,0.9352594970572499,0.06474050294275013,0.9646569646569965,0.03534303534300354,0.8780487804878077,0.12195121951219234,0.9637188208616805,0.03628117913831952
56.0,0.9410977242302503,0.05890227576974971,0.8197879858657222,0.1802120141342778,0.9308755760368616,0.06912442396313845,0.9611231101511885,0.03887688984881155
56.5,0.9520697167755992,0.04793028322440085,0.8420441347270438,0.15795586527295624,0.9164677804295992,0.0835322195704008,0.9541984732824433,0.04580152671755666
57.0,0.9333333333333339,0.0666666666666661,0.7701593433124296,0.22984065668757037,0.9099099099099038,0.09009009009009616,0.9645669291338619,0.03543307086613812
57.5,0.9339158929546698,0.06608410704533019,0.9317269076304896,0.0682730923695104,0.743935309973042,0.256064690026958,0.8990719257540636,0.10092807424593642
58.0,0.9479002210293677,0.05209977897063234,0.8884026258205678,0.11159737417943216,0.8858447488584401,0.11415525114155989,0.9779107225034529,0.0220892774965471
58.5,0.9482109227871895,0.05178907721281045,0.8621621621621597,0.13783783783784032,0.9199084668192269,0.08009153318077311,0.9778012684989462,0.02219873150105378
59.0,0.9373814041745746,0.0626185958254254,0.8648111332008044,0.13518886679919562,0.9272727272727266,0.07272727272727342,0.9302325581395358,0.06976744186046424
59.5,0.9609582963620237,0.03904170363797632,0.9056210964608106,0.09437890353918943,0.8635235732009888,0.13647642679901117,0.946745562130183,0.053254437869816984
60.0,0.9554913294797686,0.04450867052023144,0.8119599032146632,0.18804009678533684,0.8452012383900872,0.1547987616099128,0.9583608724388636,0.04163912756113641
60.5,0.9593596059113281,0.04064039408867193,0.9372114496767963,0.06278855032320374,0.9244712990936569,0.07552870090634312,0.950118764845608,0.04988123515439202
61.0,0.9665907365224,0.03340926347759998,0.8995568685376641,0.10044313146233586,0.8888888888888821,0.11111111111111793,0.9165613147914082,0.08343868520859177
61.5,0.9614636045153738,0.038536395484626174,0.8471910112359827,0.15280898876401727,0.9624060150375915,0.03759398496240851,0.9968520461699926,0.003147953830007433
62.0,0.9573643410852675,0.04263565891473253,0.884745762711864,0.115254237288136,0.9350649350649299,0.06493506493507006,0.9596928982725544,0.04030710172744556
62.5,0.9684134960516876,0.03158650394831242,0.8543117300481884,0.1456882699518116,0.8878923766816184,0.11210762331838164,0.957170668397147,0.04282933160285296
63.0,0.9520697167756028,0.047930283224397185,0.882825962090751,0.11717403790924896,0.8181818181818038,0.1818181818181962,0.9547738693467345,0.04522613065326553
63.5,0.9551630434782588,0.044836956521741245,0.8294029101856593,0.17059708981434074,0.8701298701298623,0.12987012987013768,0.9606986899563322,0.03930131004366777
64.0,0.9499999999999997,0.050000000000000266,0.8721804511278187,0.12781954887218128,0.9077490774907776,0.0922509225092224,0.9267335368512933,0.07326646314870666
64.5,0.9845938375350168,0.015406162464983164,0.8197879858657189,0.18021201413428112,0.9438202247190975,0.056179775280902455,0.9933774834437056,0.006622516556294422
65.0,0.96028880866426,0.03971119133573997,0.9482889733840072,0.051711026615992806,0.9095022624434381,0.09049773755656187,0.9485924112607105,0.05140758873928952
65.5,0.95949500263019,0.04050499736980995,0.755615453728706,0.24438454627129402,0.9473684210526393,0.0526315789473607,0.9165613147914073,0.08343868520859266
66.0,0.9633088725817228,0.03669112741827718,0.9543317662860763,0.0456682337139237,0.9100257069408632,0.08997429305913685,0.9610930986567875,0.03890690134321251
66.5,0.9802039592081575,0.019796040791842495,1.0,0.0,0.9720670391061497,0.027932960893850334,0.9860788863109082,0.013921113689091769
67.0,0.9802039592081577,0.019796040791842273,0.8950617283951506,0.10493827160484936,0.9350649350649306,0.0649350649350694,0.9501187648456031,0.04988123515439691
67.5,0.9569110240626744,0.043088975937325635,0.9452716297786468,0.05472837022135324,0.9371633752244197,0.06283662477558027,0.911111111111115,0.08888888888888502
68.0,0.9718670076726328,0.028132992327367212,1.0,0.0,0.9489795918367085,0.05102040816329145,0.9485924112607176,0.05140758873928242
68.5,0.9725343320848993,0.027465667915100744,0.9109947643979796,0.08900523560202045,0.9568965517241452,0.04310344827585477,0.9640102827763474,0.03598971722365263
69.0,0.9643628509719205,0.03563714902807946,0.9583843329253176,0.04161566707468245,0.948665297741274,0.05133470225872605,0.9782170229931463,0.02178297700685372
69.5,0.9760557248585121,0.023944275141487892,0.9251925192518894,0.07480748074811061,0.935064935064924,0.06493506493507595,0.9236826165960034,0.07631738340399663
70.0,0.9847292919944464,0.015270708005553635,0.8242894056847514,0.1757105943152486,0.9019607843137181,0.09803921568628193,1.0,0.0
70.5,0.975652943780435,0.02434705621956501,0.9514978601997585,0.04850213980024154,0.9152542372881379,0.08474576271186207,0.9370314842578739,0.06296851574212614
71.0,0.9764453961456068,0.02355460385439323,0.787056367432151,0.21294363256784898,0.9425287356321795,0.05747126436782046,0.969275786393567,0.03072421360643296
71.5,0.9593596059113281,0.04064039408867193,0.9317269076304896,0.0682730923695104,0.8962655601659771,0.10373443983402286,0.922509225092254,0.07749077490774603
72.0,0.9746088740702733,0.0253911259297267,1.0,0.0,0.9203187250996017,0.07968127490039834,0.9292351679771301,0.07076483202286987
73.0,0.9730572255622355,0.026942774437764494,0.8471910112359532,0.1528089887640468,0.9304174950298253,0.06958250497017471,0.9618297485610426,0.03817025143895736
73.5,0.9617866004962817,0.03821339950371827,0.7733333333334099,0.22666666666659008,0.8780487804877759,0.1219512195122241,0.9933774834437148,0.006622516556285207
74.0,0.9800904977375534,0.019909502262446588,0.9446254071660989,0.055374592833901115,1.0,0.0,1.0,0.0
74.5,0.9812712826333703,0.018728717366629732,0.9534246575342252,0.04657534246577477,0.8936170212766033,0.10638297872339675,0.9402654867256651,0.05973451327433488
75.0,0.9752967597048467,0.02470324029515325,0.882825962090751,0.11717403790924896,0.9624060150375915,0.03759398496240851,1.0,0.0
75.5,0.9822294022617096,0.017770597738290372,0.9372114496768775,0.06278855032312247,0.9822064056939409,0.01779359430605909,0.9535655058043137,0.04643449419568635
76.0,0.9760557248585121,0.023944275141487892,0.9317269076304924,0.06827309236950763,0.9193548387096625,0.0806451612903375,0.9954921111945948,0.004507888805405202
76.5,0.9808161841646329,0.019183815835367102,0.9187089061566216,0.0812910938433784,0.9549549549549723,0.04504504504502771,0.97588978185993,0.024110218140069972
77.0,0.9748726058689166,0.025127394131083447,0.947712418300629,0.05228758169937098,0.941634241245132,0.05836575875486805,0.9285860865996343,0.07141391340036574
78.0,0.9834958739684923,0.01650412603150775,0.8950617283951039,0.1049382716048961,0.94565217391304,0.05434782608695998,0.9809119830328741,0.01908801696712592
78.5,0.9756529437804284,0.02434705621957156,0.8901453957996279,0.10985460420037207,1.0,0.0,1.0,0.0
79.0,0.9797421731123428,0.020257826887657204,0.9446254071660989,0.055374592833901115,0.9201277955271587,0.07987220447284127,0.9385665529010297,0.06143344709897025
79.5,0.9810671256454357,0.018932874354564255,1.0,0.0,1.0,0.0,0.9461193072482387,0.05388069275176133
80.0,0.9845938375350114,0.015406162464988604,0.9583843329253743,0.04161566707462572,0.8973607038123023,0.10263929618769774,0.9765624999999988,0.02343750000000122
80.5,0.9822294022617132,0.01777059773828682,0.9286089238844819,0.07139107611551809,1.0,0.0,0.996204933586336,0.0037950664136640055
81.0,0.9844906591469865,0.015509340853013476,0.9623893805310069,0.037610619468993134,1.0,0.0,0.9731971920867938,0.026802807913206217
81.5,0.9872043427685141,0.012795657231485902,0.8420441347269965,0.15795586527300354,0.9438202247190975,0.056179775280902455,1.0,0.0
82.0,0.9866125760649082,0.013387423935091847,1.0,0.0,0.9767441860465311,0.023255813953468873,1.0,0.0
82.5,0.9839533187454446,0.01604668125455544,1.0,0.0,1.0,0.0,0.9965831435079712,0.0034168564920288302
83.0,0.9764453961456092,0.023554603854390788,1.0,0.0,0.9411764705882321,0.05882352941176794,0.9668508287292843,0.033149171270715705
83.5,0.9880823401950143,0.011917659804985714,0.9524807826695053,0.04751921733049469,0.9657534246575161,0.034246575342483876,0.9713090257023328,0.028690974297667204
84.0,0.9807524059492568,0.019247594050743166,1.0,0.0,0.978260869565221,0.02173913043477904,0.9815242494226343,0.018475750577365724
84.5,0.9868158210147815,0.013184178985218509,1.0,0.0,1.0,0.0,1.0,0.0
85.0,0.9827586206896588,0.0172413793103412,1.0,0.0,1.0,0.0,0.9906759906759866,0.00932400932401345
85.5,0.9872043427685142,0.01279565723148579,0.9635584137191677,0.03644158628083227,0.9891540130151936,0.010845986984806433,0.9974533106960976,0.0025466893039024496
86.0,0.9927248677248691,0.00727513227513088,0.9317269076305829,0.06827309236941714,1.0,0.0,0.9661835748792255,0.03381642512077454
86.5,0.9877026271660126,0.012297372833987352,1.0,0.0,0.9379652605458914,0.062034739454108645,1.0,0.0
87.0,0.9797421731123352,0.020257826887664754,0.9251925192518894,0.07480748074811061,1.0,0.0,0.9943181818181792,0.005681818181820786
87.5,0.9923058988109149,0.00769410118908509,0.8648111332007942,0.13518886679920583,1.0,0.0,1.0,0.0
88.0,0.9847292919944464,0.015270708005553635,1.0,0.0,0.9438202247191073,0.056179775280892685,1.0,0.0
88.5,0.9795633999071031,0.02043660009289694,0.8875103391232657,0.11248966087673429,0.9350649350649456,0.06493506493505441,0.9776536312849179,0.02234636871508211
89.0,0.9861866889912156,0.013813311008784357,0.8901453957996279,0.10985460420037207,1.0,0.0,0.9958071278826036,0.0041928721173963845
89.5,0.9889889889889864,0.01101101101101365,0.8973584905660572,0.10264150943394279,0.9572649572649545,0.04273504273504547,0.9643916913946602,0.03560830860533981
90.0,0.9873901413832625,0.012609858616737468,0.8950617283950171,0.10493827160498292,1.0,0.0,0.9950248756218883,0.0049751243781116505
90.5,0.9785407725321902,0.021459227467809816,0.8242894056846829,0.1757105943153171,0.9557522123893575,0.04424778761064252,0.9955752212389359,0.004424778761064063
91.0,0.9725343320848987,0.0274656679151013,1.0,0.0,1.0,0.0,1.0,0.0
91.5,0.9827586206896524,0.017241379310347638,1.0,0.0,1.0,0.0,1.0,0.0
92.0,0.9852980486500942,0.014701951349905817,0.9446254071661714,0.05537459283382862,0.9825783972125584,0.017421602787441648,0.9928867812685258,0.007113218731474191
93.0,0.9875706214689259,0.012429378531074065,1.0,0.0,1.0,0.0,0.970319634703199,0.02968036529680096
93.5,0.9876764508178362,0.012323549182163829,1.0,0.0,0.9725274725274581,0.02747252747254192,0.9860788863109033,0.013921113689096654
94.0,0.9878318584070777,0.012168141592922344,0.9432860717264125,0.056713928273587455,0.9557522123893875,0.04424778761061254,0.9658011399620069,0.034198860037993106
94.5,0.9846956521739132,0.015304347826086806,0.9016630513376899,0.09833694866231013,0.9750000000000038,0.024999999999996247,0.9807846277021598,0.019215372297840205
95.0,0.9928741092636577,0.0071258907363422885,1.0,0.0,0.9683544303797523,0.03164556962024767,0.9776536312849179,0.02234636871508211
95.5,0.9818581638262773,0.01814183617372267,1.0,0.0,1.0,0.0,1.0,0.0
96.0,0.9929321053758832,0.007067894624116833,0.9459029435162831,0.05409705648371688,1.0,0.0,0.993058233706132,0.006941766293868001
96.5,0.9920232052211819,0.007976794778818075,1.0,0.0,1.0,0.0,1.0,0.0
97.0,0.9845114052379619,0.015488594762038121,1.0,0.0,0.9590163934426015,0.04098360655739852,0.980392156862748,0.019607843137251946
97.5,0.9837928857082701,0.01620711429172994,1.0,0.0,1.0,0.0,0.9951749095295549,0.004825090470445104
98.0,0.9949471750114836,0.005052824988516447,0.9372114496768369,0.0627885503231631,0.9795918367346972,0.020408163265302814,1.0,0.0
98.5,0.9877026271660169,0.012297372833983133,1.0,0.0,1.0,0.0,0.9973106230389948,0.002689376961005241
99.0,0.9929891650732917,0.007010834926708287,1.0,0.0,1.0,0.0,1.0,0.0
99.5,1.0,0.0,1.0,0.0,1.0,0.0,1.0,0.0
100.0,1.0,0.0,0.0,1.0,0.0,1.0,1.0,0.0
